ingredient,exclude
cream,"['ice cream', 'cream cheese']"
custard,
flour,"['corn flour', 'buckwheat flour']"
"corn flour",
buckwheat flour,
sugar,
salt,"['unsalted']"
butter,
egg,"['yolk', 'white']"
yolk,
egg white,
milk,
apple,
orange,
berries,
vanilla,
ice cream,
dark chocolate,
chocolate,"['dark']"
syrup,
cocoa,
baking powder,
cinnamon,
oil,
almonds,
wine,"['red', 'white']"
red wine,
white wine,
creme fraiche,
yogurt,
cheese,
lemon,
pistachios,
honey,
lime,
apricot,
raisin,
hazelnut,
mint,
spice,"['spiced']"
yeast,
banana,
margarine,
nutmeg,
clementine,
cherries,
cardamom,
coconut,
water,
ginger,
espresso,
coffee,
cacao,
